{
  "properties": {
    "connectionReferences": {
      "shared_teams-1": {
        "runtimeSource": "embedded",
        "connection": {
          "connectionReferenceLogicalName": "i365_SmartFloToMicrosoftTeams"
        },
        "api": {
          "name": "shared_teams"
        }
      }
    },
    "definition": {
      "$schema": "https://schema.management.azure.com/providers/Microsoft.Logic/schemas/2016-06-01/workflowdefinition.json#",
      "contentVersion": "1.0.0.0",
      "parameters": {
        "$connections": {
          "defaultValue": {},
          "type": "Object"
        },
        "$authentication": {
          "defaultValue": {},
          "type": "SecureObject"
        },
        "SmartFloMicrosoftTeamId (i365_SmartFloMicrosoftTeamId)": {
          "defaultValue": "46757007-e6be-4bc8-937f-969196df06d6",
          "type": "String",
          "metadata": {
            "schemaName": "i365_SmartFloMicrosoftTeamId",
            "description": "The id of the Microsoft Team to communicate with"
          }
        },
        "SmartFloMicrosoftTeamChannelId (i365_SmartFloMicrosoftTeamChannelId)": {
          "defaultValue": "19%3Aefc53b3bfe0c4a6586ce25d65cb159c0%40thread.skype",
          "type": "String",
          "metadata": {
            "schemaName": "i365_SmartFloMicrosoftTeamChannelId",
            "description": "The Microsoft Team Channel Id for SmartFlo to talk with."
          }
        }
      },
      "triggers": {
        "manual": {
          "metadata": {
            "operationMetadataId": "e95cba4c-18cd-4042-8a57-5abc4e4b2712"
          },
          "type": "Request",
          "kind": "Http",
          "inputs": {
            "triggerAuthenticationType": "All"
          }
        }
      },
      "actions": {
        "Post_Message_From_SmartFlo_To_Microsoft_Teams": {
          "runAfter": {},
          "metadata": {
            "operationMetadataId": "f7263f84-7e0c-4664-9a7e-b9310ba55fcc"
          },
          "type": "OpenApiConnection",
          "inputs": {
            "host": {
              "connectionName": "shared_teams-1",
              "operationId": "PostMessageToConversation",
              "apiId": "/providers/Microsoft.PowerApps/apis/shared_teams"
            },
            "parameters": {
              "poster": "Flow bot",
              "location": "Channel",
              "body/recipient/groupId": "@parameters('SmartFloMicrosoftTeamId (i365_SmartFloMicrosoftTeamId)')",
              "body/recipient/channelId": "@parameters('SmartFloMicrosoftTeamChannelId (i365_SmartFloMicrosoftTeamChannelId)')",
              "body/messageBody": "<p>Hi <at>General</at>,<br>\n<p>\nThis is your message\n</p>\n<p>\n@{triggerBody()}\n</p>"
            },
            "authentication": "@parameters('$authentication')"
          }
        }
      },
      "outputs": {}
    },
    "templateName": ""
  },
  "schemaVersion": "1.0.0.0"
}