<environmentvariabledefinition schemaname="i365_SmartFloMicrosoftTeamId">
  <description default="The id of the Microsoft Team to communicate with">
    <label description="The id of the Microsoft Team to communicate with" languagecode="1033" />
  </description>
  <displayname default="SmartFloMicrosoftTeamId">
    <label description="SmartFloMicrosoftTeamId" languagecode="1033" />
  </displayname>
  <introducedversion>1.0.0.0</introducedversion>
  <iscustomizable>1</iscustomizable>
  <isrequired>0</isrequired>
  <secretstore>0</secretstore>
  <type>100000000</type>
</environmentvariabledefinition>