<environmentvariabledefinition schemaname="i365_SmartFloMicrosoftTeamChannelId">
  <description default="The Microsoft Team Channel Id for SmartFlo to talk with.">
    <label description="The Microsoft Team Channel Id for SmartFlo to talk with." languagecode="1033" />
  </description>
  <displayname default="SmartFloMicrosoftTeamChannelId">
    <label description="SmartFloMicrosoftTeamChannelId" languagecode="1033" />
  </displayname>
  <introducedversion>1.0.0.0</introducedversion>
  <iscustomizable>1</iscustomizable>
  <isrequired>0</isrequired>
  <secretstore>0</secretstore>
  <type>100000000</type>
</environmentvariabledefinition>